INSERT INTO public.settings (uid, key, lang, value) VALUES (4, 'url_ipv4_check', NULL, 'https://control-4.netmetr.cz/RMBTControlServer/ip');
INSERT INTO public.settings (uid, key, lang, value) VALUES (5, 'url_ipv6_check', NULL, 'https://control-6.netmetr.cz/RMBTControlServer/ip');
INSERT INTO public.settings (uid, key, lang, value) VALUES (6, 'threshold_upload', NULL, '2000;1000');
INSERT INTO public.settings (uid, key, lang, value) VALUES (7, 'threshold_download', NULL, '10000;2000');
INSERT INTO public.settings (uid, key, lang, value) VALUES (8, 'rmbt_geo_distance_detail_limit', NULL, '3000');
INSERT INTO public.settings (uid, key, lang, value) VALUES (9, 'rmbt_geo_accuracy_button_limit', NULL, '2000');
INSERT INTO public.settings (uid, key, lang, value) VALUES (11, 'rmbt_geo_accuracy_detail_limit', NULL, '10000');
INSERT INTO public.settings (uid, key, lang, value) VALUES (12, 'rmbt_num_pings', NULL, '10');
INSERT INTO public.settings (uid, key, lang, value) VALUES (13, 'rmbt_num_threads', NULL, '3');
INSERT INTO public.settings (uid, key, lang, value) VALUES (14, 'rmbt_duration', NULL, '5');
INSERT INTO public.settings (uid, key, lang, value) VALUES (15, 'control_ipv6_only', NULL, 'control-6.netmetr.cz');
INSERT INTO public.settings (uid, key, lang, value) VALUES (16, 'control_ipv4_only', NULL, 'control-4.netmetr.cz');
INSERT INTO public.settings (uid, key, lang, value) VALUES (2, 'url_statistics', 'cs', 'https://www.netmetr.cz/cs/statistiky_app.html');
INSERT INTO public.settings (uid, key, lang, value) VALUES (3, 'url_statistics', 'en', 'https://www.netmetr.cz/en/stats_app.html');

UPDATE provider SET map_filter = false;
INSERT INTO provider (uid, name, mcc_mnc, shortname, map_filter) VALUES (37, 'T-Mobile Czech Republic a.s.', '230-01', 'T-Mobile CZ', true);
INSERT INTO provider (uid, name, mcc_mnc, shortname, map_filter) VALUES (38, 'O2 Czech Republic a.s.', '230-02', 'O2 CZ', true);
INSERT INTO provider (uid, name, mcc_mnc, shortname, map_filter) VALUES (39, 'Vodafone Czech Republic a.s.', '230-03', 'Vodafone CZ', true);
INSERT INTO mccmnc2provider (mcc_mnc_sim, provider_id) VALUES ('230-01', 37);
INSERT INTO mccmnc2provider (mcc_mnc_sim, provider_id) VALUES ('230-02', 38);
INSERT INTO mccmnc2provider (mcc_mnc_sim, provider_id) VALUES ('230-03', 39);
INSERT INTO mccmnc2name (mccmnc, country, name, shortname) VALUES ('230-01', 'cz', 'T-Mobile Czech Republic a.s.', 'T-Mobile CZ');
INSERT INTO mccmnc2name (mccmnc, country, name, shortname) VALUES ('230-02', 'cz', 'O2 Czech Republic a.s.', 'O2 CZ');
INSERT INTO mccmnc2name (mccmnc, country, name, shortname) VALUES ('230-03', 'cz', 'Vodafone Czech Republic a.s.', 'Vodafone CZ');
INSERT INTO as2provider (uid, asn, provider_id) VALUES (29, 13036, 37);
INSERT INTO as2provider (uid, asn, provider_id) VALUES (30, 5610, 38);
INSERT INTO as2provider (uid, asn, provider_id) VALUES (31, 16019, 39);
